"","dna_ID","Country","Site","Region","Date","Latitude","Longitude","Sex","prs_scaled","imputed_scaled","coverage","whgProp","combo_prs","asMales_prs","asFemales_prs","sexspec_prs","siblings_prs","siblings_prs_ldpred"
"1","I0707","Turkey","Bar√ßin","anatoliaEF",8096,40.3037,29.57,"F","2.658103928",2.272010629,0.8544,1e-05,2.272010629,2.257011969,1.637787808,2.153588159,1.700624101,2.46113368886613
"2","I0708","Turkey","Bar√ßin","anatoliaEF",8101,40.3037,29.6085,"M","0.641121137",1.263930208,0.817,0.002009,1.263930208,1.589798017,1.501021043,1.541630206,0.650144175,0.112307741213419
"3","I0709","Turkey","Bar√ßin","anatoliaEF",8085,40.3037,29.6085,"M","0.864038924",0.516789046,0.8234,1e-05,0.516789046,0.644102471,0.204368186,0.24054795,0.490777356,0.372431276265384
"4","I0736","Turkey","Bar√ßin","anatoliaEF",8300,40.3037,29.6085,"F","0.60019421",1.307732724,0.6872,1e-05,1.307732724,0.787066866,0.637076633,0.734856453,-0.062326851,0.660975478426135
"5","I0744","Turkey","Bar√ßin","anatoliaEF",8270,40.3037,29.6085,"M","0.877992306",0.313194395,0.7352,1e-05,0.313194395,0.442491289,0.503434011,0.540635391,1.656405902,0.899881898959802
"6","I0745","Turkey","Bar√ßin","anatoliaEF",8243,40.3037,29.6085,"M","0.408754158",-0.699040819,0.8312,1e-05,-0.699040819,-0.724979956,-0.889896246,-0.857454517,1.116571329,0.742319157797097
"7","I0854_published","Turkey","Bar√ßin","anatoliaEF",8104,40.3037,29.6085,"F","0.113615429",0.113615429,NA,1e-05,NA,NA,NA,0.122666748,NA,-0.374625036981538
"8","I1096","Turkey","Bar√ßin","anatoliaEF",8300,40.3037,29.6085,"M","0.778853038",1.685089109,0.6323,1e-05,1.685089109,1.478753031,1.37376616,1.413940617,1.254985047,1.13537475953669
"9","I1097","Turkey","Bar√ßin","anatoliaEF",8282,40.3037,29.6085,"M","-0.177574081",-0.324963079,0.6292,1e-05,-0.324963079,-0.409844556,-0.6296786,-0.596347961,0.521423751,0.378419977943936
"10","I1098","Turkey","Bar√ßin","anatoliaEF",8282,40.3037,29.6085,"F","-0.481890884",1.554829171,0.6735,1e-05,1.554829171,1.568610327,2.470650417,1.489170669,0.910203167,-0.244849871607315
"11","I1099","Turkey","Bar√ßin","anatoliaEF",8300,40.3037,29.6085,"M","1.343801913",0.599137189,0.4508,1e-05,0.599137189,-0.244881951,0.79585248,0.834052769,-0.144791417,-0.190506681518511
"12","I1100","Turkey","Bar√ßin","anatoliaEF",8300,40.3037,29.6085,"F","-0.355569453",-1.429006883,0.2536,1e-05,-1.429006883,-1.271008969,-1.089935863,-1.251515306,0.24371366,-0.09188132016087
"13","I1101","Turkey","Bar√ßin","anatoliaEF",8300,40.3037,29.6085,"M","1.337715766",0.104967053,0.5513,1e-05,0.104967053,0.273990285,0.280305381,0.316744549,0.253434786,1.95068002817002
"14","I1102","Turkey","Bar√ßin","anatoliaEF",8300,40.3037,29.6085,"M","-0.322963968",-1.61871971,0.3432,1e-05,-1.61871971,-1.226970716,-1.972986736,-1.944244871,-1.205294638,-0.394267978487189
"15","I1103","Turkey","Bar√ßin","anatoliaEF",8300,40.3037,29.6085,"M","0.004118365",1.013078842,0.5042,1e-05,1.013078842,-0.054313886,-0.246930377,-0.212292261,-0.252449601,-0.285427603123561
"16","I1579_published","Turkey","Bar√ßin","anatoliaEF",8072,40.3037,29.6085,"F","1.024387936",1.024387936,NA,1e-05,NA,NA,NA,-0.754051763,NA,0.475171731205001
"17","I1580_published","Turkey","Bar√ßin","anatoliaEF",8205,40.3037,29.6085,"F","1.472833902",1.472833902,NA,1e-05,NA,NA,NA,0.337861368,NA,0.219779270479092
"18","I1581_published","Turkey","Bar√ßin","anatoliaEF",8252,40.3037,29.6085,"F","-0.545195007",-0.545195007,NA,1e-05,NA,NA,NA,-0.949975348,NA,-1.23134303325086
"19","I1583_published","Turkey","Bar√ßin","anatoliaEF",8273,40.3037,29.6085,"M","-1.239762738",-1.239762738,NA,0.099849,NA,NA,NA,1.725490866,NA,-0.540161306664829
"20","ANI152","Bulgaria","Varna","balkan",6475,43.21,27.86,"M","0.647190981",-0.695269644,0.0216,0.124937,NA,NA,NA,NA,NA,2.46113368886613
"21","ANI153","Bulgaria","Varna","balkan",6434,43.21,27.86,"M","1.29927414",0.528899067,0.0191,0.062147,0.528899067,1.000690303,0.797138461,NA,-0.732919507,-0.482387446043026
"22","ANI159-ANI181","Bulgaria","Varna","balkan",6566,43.21,27.86,"M","-0.995397589",-0.299393867,0.3475,0.098166,-0.299393867,-0.121517323,-0.043755215,-0.008423047,-1.649446698,1.00986868293047
"23","ANI160","Bulgaria","Varna","balkan",6533,43.21,27.86,"M","-1.317484602",-0.51295287,0.0513,0.067647,-0.51295287,-0.026154853,-0.336810567,-0.302479483,-0.038234563,-1.82061416784416
"24","I0679_d","Bulgaria","Krepost","balkan",7617,42.02,25.6,"F","1.234354483",1.481429,0.2012,0.018155,1.481429439,1.12570996,1.34845667,1.061701105,0.039301651,0.96203606709506
"25","I0698_published","Bulgaria","Yabalkovo","balkan",7900,42.1,25.75,"M","1.490465815",1.650654386,0.6049,1e-05,1.650654386,2.14130109,1.695349082,1.736622074,2.348392986,2.54533397893776
"26","I0700","Bulgaria","Malak Preslavets","balkan",7934,43.98,26.4,"M","1.928409956",-0.992932338,0.3017,0.238444,-0.992932338,-1.591460682,-0.910134762,-0.877762169,1.536879794,1.39906584973145
"27","I0704_published","Bulgaria","Veliko Tarnovo","balkan",7892,43.16,25.88,"F","-0.86528967",-0.733371509,0.0839,1e-05,-0.733371509,-0.005944145,0.021952774,-0.030525779,0.161084094,-1.52751855240771
"28","I0706","Bulgaria","Veliko Tarnovo","balkan",7899,43.16,25.88,"M","-0.409538479",-1.110163844,0.21,0.126304,-1.110163844,-1.020593154,-0.621754223,-0.588396514,-1.056114128,-0.449458142099102
"29","I0781","Bulgaria","Yunatsite","balkan",6404,42.23,24.26,"F","-0.357254302",0.651137132,0.397,0.021411,0.651137132,0.367121646,0.458526493,0.32954227,-1.39698569,1.15147581176389
"30","I0785","Bulgaria","Yunatsite","balkan",6353,42.23,24.26,"F","0.084761231",0.613571684,0.0656,1e-05,0.613571684,0.724382297,0.775891683,0.674355836,0.522304417,0.313365567138636
"31","I1108","Bulgaria","Malak Preslavets","balkan",7875,43.98,26.4,"M","-0.121579039",-0.279448906,0.2261,0.221842,-0.279448906,-0.881645626,-0.824522172,-0.791857123,0.476074402,-0.511039105930842
"32","I1109","Bulgaria","Malak Preslavets","balkan",7634,43.98,26.4,"F","-0.914466489",-0.894800529,0.2196,0.063252,-0.894800529,-0.477222298,-0.086879137,-0.485384438,-0.912909426,-0.530297059471443
"33","I1113","Bulgaria","Malak Preslavets","balkan",7976,43.98,26.4,"F","1.344938856",0.541708056,0.2032,0.212907,0.541708056,0.874610869,0.755552992,0.819350392,0.103566441,1.33169295584774
"34","I1295","Bulgaria","Malak Preslavets","balkan",7743,43.98,26.4,"M","1.292509338",-2.436771955,0.1261,0.131207,-2.436771955,-2.440815906,-2.409047365,-2.381795095,-0.365642267,0.686436015848094
"35","I1296_published","Bulgaria","Malak Preslavets","balkan",7634,43.98,26.4,"M","0.893531709",-1.254134927,0.0441,0.143932,-1.254134927,-1.33188512,-1.827733638,-1.798495586,1.312918184,-0.00240156179518984
"36","I1297","Bulgaria","Malak Preslavets","balkan",7634,43.98,26.4,"F","-1.49693492",0.087216525,0.1021,0.157134,0.087216525,0.537914766,1.17859826,0.494384898,-1.350067841,0.222910505928164
"37","I1298_published","Bulgaria","Ohoden","balkan",7883,43.37,23.73,"F","-1.560719445",-0.483384912,0.0829,1e-05,-0.483384912,-0.908933132,-0.959896266,-0.902054317,-0.160430899,-1.58848353549537
"38","I2181_published","Bulgaria","Smyadovo","balkan",6458,43.06,26.98,"M","0.720174312",-0.458514668,0.0591,0.200961,-0.458514668,-1.050050762,-0.972536177,-0.940376748,0.540697025,1.85925821940286
"39","I2215_published","Bulgaria","Malak Preslavets","balkan",7976,43.98,26.4,"M","1.391238289",-1.634535885,0.071,0.146285,-1.634535885,-1.364881127,-2.695351115,-2.669076865,0.397492323,-0.366283631072126
"40","I2216_published","Bulgaria","Malak Preslavets","balkan",7839,43.98,26.4,"F","-1.51157942",-0.400695413,0.0542,0.035861,-0.400695413,0.597493214,0.35340837,0.551887613,-1.433826569,-1.78301367659096
"41","I2423","Bulgaria","Smyadovo","balkan",6381,43.06,26.98,"F","1.219318114",1.207908763,0.43,0.043772,1.207908763,1.858284941,1.766097561,1.768752919,0.696044188,-0.142306188294279
"42","I2424","Bulgaria","Smyadovo","balkan",6288,43.06,26.98,"F","1.199181926",0.5585483,0.5628,0.047678,0.5585483,0.852480187,0.692835579,0.797990751,0.659891144,0.419921680576302
"43","I2425","Bulgaria","Sushina","balkan",6475,43.06,26.77,"F","0.500278682",0.198579954,0.1836,0.059443,0.198579954,-0.539309872,0.675621845,-0.54530886,0.869261126,0.171707106576543
"44","I2426_published","Bulgaria","Sushina","balkan",6302,43.06,26.77,"M","-0.771507837",0.708647541,0.0251,0.042176,0.708647541,-0.11251445,0.447051213,0.484059988,0.693263032,-0.270207745571926
"45","I2427","Bulgaria","Sushina","balkan",6326,43.06,26.77,"F","-0.241985897",-2.057980248,0.5701,0.022059,-2.057980248,-1.368925012,-1.055689198,-1.34601992,0.493145017,-0.359071523193527
"46","I2430","Bulgaria","Smyadovo","balkan",6448,43.06,26.98,"M","-1.08094649",-0.234243579,0.513,0.058005,-0.234243579,-0.309636397,-0.957306388,-0.925094933,-0.919710237,0.304142966553666
"47","I2431","Bulgaria","Ivanovo","balkan",6624,43.1,26.72,"M","-0.126200519",0.356953022,0.6149,0.064318,0.356953022,1.295691689,0.625498736,0.663117092,-0.742197318,0.3481428133148
"48","I2509","Bulgaria","Veliko Tarnovo","balkan",6350,43.16,25.88,"F","-1.506225715",-0.938624176,0.7348,0.019476,-0.938624176,-1.432459321,-0.649982271,-1.407340672,1.126016128,1.01688401918248
"49","I2519","Bulgaria","Veliko Tarnovo","balkan",6237,43.16,25.88,"F","1.363884718",-1.11557678,0.6593,0.002054,-1.11557678,-0.429166307,0.589177724,-0.439002734,0.336283028,0.326301162764309
"50","I2521","Bulgaria","Veliko Tarnovo","balkan",7503,43.16,25.88,"M","-0.27202368",0.882095554,0.6692,1e-05,0.882095554,-0.602957479,1.609520668,1.650500468,1.914202595,0.346072433591643
"51","I2526","Bulgaria","Samovodene","balkan",7293,43.14,25.61,"F","-0.82928738",0.734233009,0.3209,1e-05,0.734233009,1.599413573,1.448811208,1.518900719,0.569057266,0.562914766083901
"52","I2529_published","Bulgaria","Yabalkovo","balkan",7610,42.1,25.75,"M","0.004899032",-0.02175741,0.5225,0.025857,-0.02175741,0.447171388,-0.102565006,-0.067433733,1.019707967,1.23576251024545
"53","I2532","Romania","Cotatcu","balkan",7614,45.47,27.01,"M","1.104306723",1.351065468,0.5893,1e-05,1.351065468,1.312120842,1.354949283,1.395059462,0.368664912,0.939894981460642
"54","I2533","Romania","Carcea","balkan",7371,44.27,23.9,"F","0.772984661",-0.013548604,0.6609,1e-05,-0.013548604,-0.636511264,-0.611533161,-0.639123721,0.990520735,-0.64164413425195
"55","I2937_all","Greece","Diros","balkan",7360,36.64,22.38,"F","0.678608585",1.923063215,0.6444,1e-05,1.923063215,1.919029492,2.97841322,1.827381109,1.564440874,0.140095317001901
"56","I3498","Croatia","Beli Manastir-Popova zemlja","balkan",7681,45.34,18.7,"M","-1.232358846",-0.365405673,0.4171,1e-05,-0.365405673,-1.347668472,-1.007320364,-0.975279759,-0.336318462,-0.749415098601551
"57","I3708","Greece","Diros","balkan",6500,36.64,22.38,"F","-2.325121871",-0.162006084,0.7272,1e-05,-0.162006084,-1.462526998,-0.835533228,-1.43636078,-1.527690099,0.0167366177118402
"58","I3879","Bulgaria","Malak Preslavets","balkan",7823,43.98,26.4,"M","0.117093196",-0.513733113,0.1285,1e-05,-0.513733113,-0.727855995,-0.252183433,-0.217563261,0.830740421,-0.00651665537716651
"59","I4088","Romania","Urziceni","balkan",6191,47.75,22.4,"F","0.718639952",0.328067777,0.6026,0.073497,0.328067777,0.125325232,0.49571324,0.096170127,0.475303074,0.505294900648118
"60","I4167","Croatia","Beli Manastir-Popova zemlja","balkan",6635,45.34,18.7,"M","0.449102041",1.24166565,0.0489,0.028859,1.24166565,1.512175215,0.671068383,0.708842406,0.546589339,0.511565926834373
"61","I4168","Croatia","Beli Manastir-Popova zemlja","balkan",6588,45.34,18.7,"F","0.608096053",0.926406852,0.1706,0.022435,0.926406852,1.024974528,0.59548302,0.964475329,1.114947165,-0.193689248696255
"62","I5071","Croatia","Kargadur","balkan",7582,43.35,16.46,"F","0.310080478",1.287378135,0.4301,0.003342,1.287378135,1.052133919,0.031090648,0.990688478,-0.874003056,-1.4052463747079
"63","I5072","Croatia","Kargadur","balkan",7545,43.35,16.46,"M","1.279572136",1.193020752,0.5345,1e-05,1.193020752,0.391968877,0.305650357,0.342176103,-0.526881347,1.45682259977703
"64","I5077","Croatia","Osijek","balkan",7001,45.55,18.75,"M","-0.696513647",1.373757534,0.7082,1e-05,1.373757534,1.239738793,-0.07565633,-0.040433137,0.402613309,-0.27099483207825
"65","I5078","Croatia","Osijek","balkan",6571,45.55,18.75,"M","0.25357037",0.333318162,0.7156,1e-05,0.333318162,0.203440185,-0.099926261,-0.064785975,0.366213757,0.518478599629045
"66","I5427","Greece","Diros","balkan",7883,36.64,22.38,"F","0.60758644",1.583802193,0.6633,1e-05,1.583802193,0.912384586,1.123222909,0.85580806,1.604834238,0.94100716891523
"67","Klei10.SG","Greece","Kleitos","balkan",6348,40.43,21.86,"M","-0.416012599",-1.020500923,0.8687,1e-05,-1.020500923,-1.452478293,-0.597924082,-0.564484969,-1.587851739,0.492958175190301
"68","Pal7.SG","Greece","Paliambela ","balkan",6348,39.75,22.01,"F","0.381080546",-1.596320235,0.7292,0.018417,-1.596320235,-1.175045145,-1.104098752,-1.158894895,-1.338585383,0.136382321961198
"69","Canes.SG","Spain","Canes","HG",7089,43.36,-4.72,"F","-1.860931695",0.4585959,0.692985,0.99999,0.458595924,0.579064778,-0.27381462,0.53410123,0.104117106,0.952924685255549
"70","I0585","Spain","Leon","HG",7811,42.91,-5.38,"M","-2.153600924",-1.624368773,0.815515,0.99999,0.013369779,-0.077688237,0.016088898,0.051625495,-0.364127839,0.108329532241238
"71","I0843","Spain","Castilla y Le√≥n","HG",7858,42.91,-5.38,"M","-1.559394816",-0.007648016,0.85295,0.99999,-0.007648016,0.465037689,0.393242006,0.430066968,-0.101287691,0.555873763967546
"72","I1507","Hungary","Tiszasz≈ël≈ës-Domah√°za","HG",7660,47.93,21.2,"M","-1.379318979",-0.7598185,0.653722,0.99999,-0.759818495,-0.482721633,-0.201338741,-0.166544882,1.042092399,0.654867002714012
"73","I2534","Romania"," Magura Buduiasca","HG",7670,44.03,25.39,"F","-0.226101398",-0.3605617,0.360117,0.99999,-0.360561665,-0.853756766,-0.319544709,-0.848800315,-0.838458327,1.25458414409233
"74","I3209","Spain","Cingle del Mas Nou","HG",7815,40.42,-0.12,"M","0.85867044",-0.46308234,0.0196,0.99999,-0.46308234,-0.014493824,-0.432644219,-0.398640506,-0.436955966,-0.237098780577646
"75","I4971","Hungary","Tiszasz≈ël≈ës-Domah√°za","HG",7592,47.56,20.72,"M","-2.009400433",-0.1095835,0.319851,0.99999,-0.109583509,-0.843708061,-0.499427253,-0.465651672,-0.92337206,-0.11896736232415
"76","I8130","Spain","Cueva de la Cocina","HG",7957,39.79,-1.03,"M","0.071583021",-2.003785871,0.0107,0.99999,-2.003785871,-1.993905644,-1.146440824,-1.114875458,-0.515289551,0.40212668130289
"77","KO1_published.SG","Hungary","Tiszasz≈ël≈ës-Domah√°za","HG",7660,47.56,20.72,"M","-1.417457231",-1.631114332,0.64756,0.99999,-0.881731459,-0.79727311,-0.749407548,-0.716485906,1.144188072,0.70999727930914
"78","BAL051_merged","Spain","Balma Guilanya","HG",13015,42.085341,1.601683,"M","-3.746401139",-2.180380864,0.2778,0.99999,-2.180380864,-1.000225571,-1.935767411,-1.906898404,-2.404819894,-1.54001782833966
"79","Bichon.SG","Switzerland","Grotte du Bichon","HG",13698,47.09999847,6.869999886,"M","-0.778334463",-0.778334463,NA,1e-05,-1.245519744,0.151418746,0.24288245,0.27919378,0.597280337,2.46113368886613
"80","Chan.SG","Spain","Chan do Lindeiro","HG",9109,42.7343714,-7.0305368,"F","-1.770915375",0.444681591,0.8956,0.99999,0.444681591,-0.411413305,0.185587494,-0.421868253,0.204697953,0.71173400279592
"81","CMS001_merged","Portugal","Moita do Sebasti√£o","HG",8067,39.246374,-8.647467,"F","-2.127221299",0.369875796,0.1507,0.99999,0.369875796,0.847137727,1.376427969,0.792834425,0.943988551,-0.141065671518007
"82","I1875","Croatia","Vela Spila","HG",9056,42.96723,16.70719,"F","-1.300428795",-3.236017093,0.3164,0.99999,-3.236017093,-3.798759348,-2.595901405,-3.691197985,0.664049957,0.471287630402054
"83","I2158_published","Italy","Grotta d'Oriente","HG",12000,37.933333,12.333333,"F","-1.551845603",-1.551845603,NA,0.99999,-1.157888706,-0.421557877,-0.625582031,-0.431659385,-0.331334845,2.46113368886613
"84","Iboussieres25-1","France","Aven des Iboussi√®res √† Malataverne","HG",11675,44.29,4.46,"M","-0.655457961",-0.578672085,0.0636,0.99999,-0.578672085,-0.056414266,-1.005528624,-0.973481898,1.781190165,0.698447640357647
"85","PER503.SG","France","Nouvelle-Aquitaine (South-West)","HG",9050,45.77,0.33,"F","-3.494130191",0.354649792,0.2394,0.99999,-0.948068367,-0.334344184,0.091472283,-0.347484247,0.354649792,0.821866226664493
"86","PER3023.SG","France","Nouvelle-Aquitaine (South-West)","HG",9050,45.77,0.33,"F","-0.785700245",0.458810956,0.1287,0.99999,-2.896205024,-1.738504695,-1.808659753,-1.702723319,0.458810956,1.06265481058285
"87","PER3123.SG","France","Nouvelle-Aquitaine (South-West)","HG",9050,45.77,0.33,"M","-2.421726514",-1.152317487,0.107,0.99999,-2.606523566,-2.557609221,-2.362625013,-2.335214162,-1.152317487,-0.023387683534459
"88","R7.SG","Italy","Grotta de Continenza","HG",10706,41.96,13.54,"M","-0.694244147",-0.568577692,0.94866,0.99999,-0.568577692,-0.995458319,-0.559613425,-0.526043442,-0.883475687,0.448530564023557
"89","R11.SG","Italy","Grotta de Continenza","HG",11868,41.96,13.54,"M","-0.580898721",0.732672523,0.6246,0.99999,0.732672523,-0.118214236,0.331304815,0.367918197,-0.231744002,1.53228024092679
"90","R15.SG","Italy","Grotta de Continenza","HG",9086,41.96,13.54,"M","-1.106756316",1.175551437,0.94588,0.99999,1.175551437,1.527395386,2.28633739,2.329629213,0.820937789,1.61314482416347
"91","Ranchot88_published_d","France","Ranchot","HG",10134,47.91,5.43,"F","-2.422180375",-2.125292459,0.3308,0.99999,-2.125292459,-2.311838645,-1.929528898,-2.256082115,-1.487159566,-0.0490022161424373
"92","Rochedane_published","France","Rochedane","HG",13027,47.21,6.45,"M","1.381488117",1.381488117,NA,0.99999,0.56641575,0.128157694,0.043706126,0.079337064,2.061013457,3.79122706936474
"93","Villabruna","Italy","Villabruna","HG",14021,46.15,12.21,"M","-2.006841032",-1.318098596,0.752,0.99999,-1.318098596,-0.511089832,-0.778971256,-0.746150605,0.788365061,0.102837037273194
"94","atp005.SG","Spain","Atapuerca","mediterranean",7069,42.35,-3.52,"M","-1.248659131",-2.440754445,0.0643,0.131186,-2.440754445,-2.214523955,-2.023261329,-1.994691203,-3.060846765,-1.18748862638763
"95","CB13.SG","Spain","Cova Bonica","mediterranean",7345,41.37,1.89,"F","-0.495760732",-0.257342022,0.6213,0.127162,-0.257342022,0.738671851,1.181048057,0.688147537,1.890883822,-1.14407909450624
"96","CHA001_merged","Spain","Cueva de Chaves","mediterranean",6420,42.22,-0.14,"M","0.15213513",-0.655022111,0.2818,0.130694,-0.655022111,-0.010110043,-0.252028692,-0.217407991,0.675035425,-0.00519914100788492
"97","CHA002_merged","Spain","Cueva de Chaves","mediterranean",6420,42.22,-0.14,"M","1.467571825",-0.499461169,0.118,0.129514,-0.499461169,-0.351373819,0.108200618,0.144051871,1.466062687,2.12061286041418
"98","CHA003_merged","Spain","Cueva de Chaves","mediterranean",6420,42.22,-0.14,"M","-1.672098594",-0.420640374,0.3131,0.11638,-0.420640374,-0.515281877,-0.255221246,-0.220611452,-2.429371202,-0.890611573605585
"99","CHA004.A0102","Spain","Cueva de Chaves","mediterranean",6420,42.22,-0.14,"F","0.59710348",-1.980102246,0.0555,0.168877,-1.980102246,-1.113524064,-1.146807317,-1.09951723,0.603556327,-0.368815996353343
"100","FUC003_merged","Spain","Fuente Celada","mediterranean",7019,42.39,-3.73,"M","-0.053907098",-0.502582141,0.3623,0.093444,-0.502582141,-0.916384687,-0.606035777,-0.572624374,-1.19741834,0.683005345315095
"101","I0409","Spain","Els Trocs","mediterranean",7210,42.5,0.5,"F","-2.149443064",-0.381969581,0.4398,0.090745,-0.381969581,-0.006310186,1.10749469,-0.030879068,-0.580077174,-1.19353721508297
"102","I0410","Spain","Els Trocs","mediterranean",7106,42.5,0.5,"M","-0.816887389",-1.020500923,0.4283,0.077346,-1.020500923,-0.309366224,-0.360868747,-0.326619847,-0.059876293,-0.949643061579883
"103","I0411","Spain","Els Trocs","mediterranean",7107,42.5,0.5,"M","0.428104846",0.583711135,0.0637,0.052674,0.583711135,-0.354737912,0.521074504,0.558336145,-0.60885091,-0.767860299771491
"104","I0412","Spain","Els Trocs","mediterranean",7177,42.5,0.5,"M","-0.973228466",-0.900148444,0.8207,0.075347,-0.900148444,-0.935880743,0.28642173,0.322881791,-1.680146768,-1.34503425697412
"105","I0413","Spain","Els Trocs","mediterranean",7143,42.5,0.5,"F","-1.962431326",1.022464515,0.5468,0.091185,1.022464515,1.698736261,1.087437791,1.61476297,-0.663561563,-1.44132402467712
"106","I10942","Gibraltar","Gibraltar","mediterranean",6950,36.13,-5.34,"F","0.628177048",-0.629241583,0.3164,0.146951,-0.629241583,-0.451808575,-0.422040377,-0.460856138,1.090195073,1.08006482189121
"107","I1972","Spain","Burgos","mediterranean",6703,42.63,-3.12,"F","-0.896878371",0.458953535,0.3128,0.082979,0.458953535,0.280396007,-0.519502884,0.245838183,-1.242024191,-1.15024745723515
"108","I2199","Spain","Burgos","mediterranean",7069,42.63,-3.12,"F","-0.216632146",-0.999223047,0.2781,0.091276,-0.999223047,-0.277128445,-0.581326055,-0.292261924,-1.311658462,-1.0791359024464
"109","I4062","Italy","Fossato di Stretto Partana","mediterranean",6815,37.72,12.92,"F","-2.586441567",0.042823951,0.7886,0.062763,0.042823951,0.204486017,1.257837957,0.172572923,-1.734058261,-1.07040950857194
"110","I4063","Italy","Fossato di Stretto Partana","mediterranean",6832,37.72,12.92,"F","-0.843948438",-0.125172114,0.8984,0.066683,-0.125172114,-0.264378007,0.178982489,-0.279955716,-0.034875506,0.65381470227621
"111","I4064","Italy","Fossato di Stretto Partana","mediterranean",6718,37.72,12.92,"M","0.800248084",1.379544336,0.6561,0.058005,1.379544336,0.682757302,1.256427369,1.296200994,-1.10655663,1.02618361736047
"112","I4065","Italy","Fossato di Stretto Partana","mediterranean",6815,37.72,12.92,"F","-1.637713455",-0.685110231,0.7734,0.121029,-0.685110231,-0.115983127,-0.412568588,-0.136730965,-0.753735439,-0.896326506064546
"113","I7550","Spain","Campo de Hockey","mediterranean",6100,36.45,-6.21,"F","-2.341514144",0.003876823,0.551,0.244831,0.003876823,1.129460141,0.849035393,1.065320627,-0.850296631,-1.59065657867587
"114","I8134","Spain","Campo de Hockey","mediterranean",6100,36.45,-6.21,"F","0.654299819",0.225222001,0.5718,0.17513,0.225222001,0.270242719,0.42973649,0.236038639,0.209049598,-0.0748391862413335
"115","LON003","Italy","Grutta I de Longu Fresu","mediterranean",6274,39.87,9.24,"M","0.130685353",0.656452537,0.3267,0.139706,0.656452537,0.826342225,1.342882485,1.382951443,1.724579022,0.510761729751825
"116","MA79","Italy","Grutta I de Longu Fresu","mediterranean",6045,39.87,9.24,"F","-0.384918793",-0.413406871,0.5921,0.202488,-0.413406871,-0.686327739,-0.995674055,-0.687204573,-1.741216906,-1.01839335684966
"117","mur.SG","Spain","MurcieÃÅlagos de Zuheros","mediterranean",7127,37.54,-4.3,"M","-0.689667895",1.727480685,0.90365,0.143214,1.727480685,0.215336527,0.743089812,0.781109862,-0.932540533,0.274516003821058
"118","NOE001","Italy","Noeddale","mediterranean",6090,40.67,8.59,"M","-0.476623535",0.111859199,0.0329,0.148566,0.111859199,0.380717465,-0.706071875,-0.673002197,-1.809612677,-0.814084521441801
"119","NOE002","Italy","Noeddale","mediterranean",6132,40.67,8.59,"M","0.037039662",0.133332136,0.053,0.165275,0.133332136,-0.021012845,-0.359671539,-0.325418549,-1.066962427,-0.668644623534108
"120","R10.SG","Italy","Grotta Continenza","mediterranean",7628,41.96,13.54,"F","0.41882325",0.125968593,0.7596,0.020623,0.125968593,0.331694079,-0.380268404,0.295349011,1.806196716,-0.252729291958666
"121","R1014.SG","Italy","Monte San Biagio","mediterranean",7074,41.37,13.29,"M","0.786622811",1.980043709,0.4808,0.146683,1.980043709,1.3085807,2.105656708,2.148331322,-0.347029194,0.275542638394524
"122","R16.SG","Italy","Ripabianca di Monterado ","mediterranean",7202,43.72,13.03,"F","-1.313841874",0.219158862,0.4402,0.103978,0.219158862,0.84430788,1.116428957,0.79010317,-1.216886434,-0.761298393789421
"123","R17.SG","Italy","Ripabianca di Monterado ","mediterranean",7216,43.72,13.03,"M","0.259825558",2.300627665,0.4437,0.105854,2.300627665,2.257168844,0.802988491,0.841213158,1.814864223,-0.761905819245388
"124","R18.SG","Italy","Ripabianca di Monterado ","mediterranean",7271,43.72,13.03,"F","-1.34162227",-2.072593548,0.4846,0.035415,-2.072593548,-2.732062754,-2.239825674,-2.661665471,0.996826545,0.623965302052684
"125","R19.SG","Italy","Ripabianca di Monterado ","mediterranean",7146,43.72,13.03,"M","-0.488802755",0.094580068,0.4142,0.074956,0.094580068,1.155713144,0.222839396,0.259082258,-0.825158874,-0.544995044448232
"126","R2.SG","Italy","Grotta Continenza","mediterranean",7981,41.96,13.54,"F","0.078980701",0.361715755,0.97202,0.033873,0.361715755,0.866321777,0.709302483,0.811350095,0.457021792,2.32463338261266
"127","R3.SG","Italy","Grotta Continenza","mediterranean",7716,41.96,13.54,"F","-0.661743998",-0.133250879,0.97862,0.005313,-0.133250879,0.134118938,0.748509011,0.104657457,-0.700291116,0.0131690625690453
"128","R6.SG","Italy","Grotta Continenza","mediterranean",7202,41.96,13.54,"M","-1.479420392",-0.131381547,0.4516,0.187633,-0.131381547,0.186070654,2.452032611,2.495890453,-1.58410841,-0.181027422290174
"129","R8.SG","Italy","Grotta Continenza","mediterranean",7708,41.96,13.54,"F","-0.939064098",0.112834503,0.4387,0.016095,0.112834503,1.413610146,0.202152944,1.339570748,-1.059555287,-0.899004311243669
"130","R9.SG","Italy","Grotta Continenza","mediterranean",7481,41.96,13.54,"M","1.136711175",0.734769426,0.97044,0.010339,0.734769426,0.742616382,0.44893254,0.485947742,0.589157531,1.55416466791784
"131","SID005","Italy","S'isteridolzu","mediterranean",6095,40.62,8.64,"M","-0.356952581",1.066297915,0.101,0.135427,1.066297915,1.350900302,0.563243103,0.600648793,1.32921747,-0.377431171482345
"132","TOR.11.SG","Spain","El Toro","mediterranean",6896,39.48,2.48,"F","0.115901031",-0.718839484,0.0331,0.177665,-0.718839484,-0.353796663,0.061273321,-0.366258995,-0.314428833,-2.2237821201324
"133","TOR.6.SG","Spain","El Toro","mediterranean",6900,39.48,2.48,"F","-0.024055131",-0.999190536,0.1585,0.208877,-0.999190536,-0.860885856,-0.933012023,-0.855681024,0.038281827,0.698071207680709
"134","TOR.7.SG","Spain","El Toro","mediterranean",6900,39.48,2.48,"F","-0.085041379",-1.243406586,0.0455,0.224489,-1.243406586,-1.111310386,-1.042039397,-1.097380677,-0.374095273,-1.31746056338844
"135","TOR.8.SG","Spain","El Toro","mediterranean",6900,39.48,2.48,"F","-0.252777937",0.469633111,0.0834,0.155135,0.469633111,0.293704222,0.848962094,0.258682735,1.152696542,-1.07713396502815
"136","DER002","Germany","Derenburg","North Central",7000,51.87,10.91,"M","-0.804597784",0.086891424,0.5956,1e-05,0.086891424,0.792915683,-0.315741334,-0.281338277,-1.380163571,0.329808830890318
"137","DER003","Germany","Derenburg","North Central",7000,51.87,10.91,"F","-1.633610788",-0.265274492,0.3829,1e-05,-0.265274492,0.280143264,-0.342340528,0.245594245,0.53384055,-1.18191057853847
"138","DER004","Germany","Derenburg","North Central",7000,51.87,10.91,"M","-0.302284074",-0.653071504,0.1541,0.033023,-0.653071504,-1.310872608,-0.330205562,-0.295851915,-0.154153119,0.706404058302009
"139","DER005","Germany","Derenburg","North Central",7000,51.87,10.91,"F","2.347470787",1.260729587,0.3497,1e-05,1.260729587,0.473726812,0.374770796,0.432433275,0.894261714,1.42997610568089
"140","DER006","Germany","Derenburg","North Central",7000,51.87,10.91,"M","-1.26231016",0.09763602,0.3577,1e-05,0.09763602,1.411966446,-0.331435347,-0.297085901,1.085706259,0.970531468190492
"141","DER007","Germany","Derenburg","North Central",7000,51.87,10.91,"F","1.893526242",0.987524259,0.5412,1e-05,0.987524259,-0.206909525,0.999690586,-0.224489456,0.653972986,2.69720848014042
"142","DER008","Germany","Derenburg","North Central",7000,51.87,10.91,"M","excluded",NA,NA,NA,NA,NA,NA,NA,NA,2.46113368886613
"143","DER009","Germany","Derenburg","North Central",7000,51.87,10.91,"M","-0.087617045",-0.680006141,0.6323,0.041821,-0.680006141,-0.825806899,-1.398848113,-1.368144976,-0.062905149,1.06499895952559
"144","DER010","Germany","Derenburg","North Central",7000,51.87,10.91,"F","-0.577414858",1.47088478,0.4581,1e-05,1.47088478,1.168562937,0.061745689,1.103061068,-0.601692266,-1.45951256720369
"145","DER011","Germany","Derenburg","North Central",7000,51.87,10.91,"M","0.222704694",1.441676059,0.324,1e-05,1.441676059,1.073582196,1.034291527,1.07330633,0.592268689,0.844648958907327
"146","DER012","Germany","Derenburg","North Central",7000,51.87,10.91,"F","-0.167946543",-0.171677846,0.457,1e-05,-0.171677846,0.728670209,0.562286966,0.678494356,0.622225262,-0.31745004652759
"147","DER013","Germany","Derenburg","North Central",7000,51.87,10.91,"M","-2.059037193",-0.334553566,0.568,1e-05,-0.334553566,-1.078915732,-0.885221433,-0.852763735,-1.268567436,-0.552711914325452
"148","DER014","Germany","Derenburg","North Central",7000,51.87,10.91,"M","1.184134518",-0.605054051,0.3391,0.026721,-0.605054051,-0.24760983,-0.779101565,-0.746281358,-1.231313062,0.874147592318252
"149","DER015","Germany","Derenburg","North Central",7000,51.87,10.91,"F","0.147257923",-0.21359965,0.4295,1e-05,-0.21359965,-0.841598966,0.186263469,-0.837066097,-0.538749469,0.537539781543065
"150","DER017","Germany","Derenburg","North Central",7000,51.87,10.91,"M","1.291889338",0.039215327,0.1519,0.00981,0.039215327,-1.076022263,-0.227709894,-0.19300612,0.163948745,-0.510962108337832
"151","DER018","Germany","Derenburg","North Central",7000,51.87,10.91,"F","1.142357402",-0.13199924,0.3372,1e-05,-0.13199924,1.02671671,0.408724268,0.966156813,0.236417846,0.441061797501591
"152","DER019","Germany","Derenburg","North Central",7000,51.87,10.91,"F","0.856907949",-0.25165275,0.1822,0.017667,-0.25165275,-0.771388762,0.327297833,-0.76930204,0.396804489,0.843511105588402
"153","DER020","Germany","Derenburg","North Central",7000,51.87,10.91,"M","-1.461243551",-0.533970665,0.0798,1e-05,-0.533970665,-0.357369924,-0.736002075,-0.70303464,-1.059362455,-1.15018757021837
"154","DER021","Germany","Derenburg","North Central",7000,51.87,10.91,"M","0.893576415",1.677844228,0.3391,0.003215,1.677844228,0.637717665,1.984843758,2.027105671,1.274453141,1.42472315877999
"155","DER022","Germany","Derenburg","North Central",7000,51.87,10.91,"F","0.102470773",-0.567391072,0.5031,1e-05,-0.567391072,-0.000714984,0.435429337,-0.025478804,0.053563278,1.53219468804567
"156","DER023","Germany","Derenburg","North Central",7000,51.87,10.91,"F","-1.419922512",0.032843343,0.5946,1e-05,0.032843343,-0.375488967,-0.780852583,-0.387195532,-0.916515585,-0.873338446907018
"157","DER024","Germany","Derenburg","North Central",7000,51.87,10.91,"F","-0.284184502",-0.98703175,0.4583,1e-05,-0.98703175,-2.505587783,-1.4819767,-2.443080966,-1.110824781,-0.313343508233726
"158","DER026","Germany","Derenburg","North Central",7000,51.87,10.91,"M","0.371690405",0.443885093,0.3116,0.029906,0.443885093,-0.55335017,-0.794754856,-0.761988122,0.441766185,-0.41942908082522
"159","DER028","Germany","Derenburg","North Central",7000,51.87,10.91,"F","-0.559537898",-0.388552881,0.5828,0.008562,-0.388552881,-0.587226419,-0.513940346,-0.591555978,-0.1294549,-1.56184236831392
"160","DER029","Germany","Derenburg","North Central",7000,51.87,10.91,"F","excluded",NA,NA,NA,NA,NA,NA,NA,NA,2.46113368886613
"161","DER030","Germany","Derenburg","North Central",7000,51.87,10.91,"M","-0.343367784",1.131259644,0.2108,0.005078,1.131259644,0.854744414,0.247907466,0.284235961,-0.418370526,0.342196888076809
"162","DER031","Germany","Derenburg","North Central",7000,51.87,10.91,"M","0.866184577",1.215787592,0.1709,0.017917,1.215787592,0.974466931,1.883008591,1.924922633,1.745945618,-1.22687717285628
"163","DER032","Germany","Derenburg","North Central",7000,51.87,10.91,"M","-0.951592873",0.626380673,0.5145,0.000259,0.626380673,-0.217193542,0.839173493,0.877521768,0.222293389,-0.279935108155517
"164","DER033","Germany","Derenburg","North Central",7000,51.87,10.91,"F","-0.239940082",-1.27710333,0.5773,0.005824,-1.27710333,-2.046388992,-2.599159114,-1.99988082,-0.541309962,0.0751777908063959
"165","DER034","Germany","Derenburg","North Central",7000,51.87,10.91,"F","1.370809579",1.609699757,0.4537,1e-05,1.609699757,1.432709134,0.925101268,1.358004321,1.265642502,1.51895110204795
"166","DER035","Germany","Derenburg","North Central",7000,51.87,10.91,"F","-0.09928849",0.319842716,0.4277,1e-05,0.319842716,1.132058162,0.428702168,1.067828133,-1.698952871,-0.957248712711645
"167","DER036","Germany","Derenburg","North Central",7000,51.87,10.91,"F","-0.673728203",-0.504451473,0.5672,1e-05,-0.504451473,-0.045511465,-0.767626285,-0.06871456,-1.728744443,-0.604556960285489
"168","DER037","Germany","Derenburg","North Central",7000,51.87,10.91,"F","-0.874359693",0.694213046,0.1137,0.025714,0.694213046,1.250597146,-0.148710453,1.182237177,0.155082442,-0.713996205816971
"169","HBS002","Germany","Halberstadt","North Central",6975,51.9,11.05,"M","0.426697428",0.044823324,0.0514,0.052886,0.044823324,-1.026667696,-0.481086351,-0.447248117,0.419298259,0.361634502667766
"170","HBS004","Germany","Halberstadt","North Central",6975,51.9,11.05,"M","-0.830807023",-0.27930261,0.0874,0.003082,-0.27930261,-1.007589973,0.453924979,0.490957235,0.438380689,-0.664837520324171
"171","HBS005","Germany","Halberstadt","North Central",6975,51.9,11.05,"M","1.27468389",0.671764806,0.0594,0.033805,0.671764806,0.897880636,-0.322468503,-0.288088427,0.502726985,0.455905222376288
"172","HBS006","Germany","Halberstadt","North Central",6975,51.9,11.05,"M","-0.540198327",-1.345992282,0.2146,0.020303,-1.345992282,-0.85389621,-0.514624465,-0.480900798,-0.964260426,1.05569936134761
"173","HBS007","Germany","Halberstadt","North Central",6975,51.9,11.05,"M","-0.569496526",-0.498745946,0.1087,0.011427,-0.498745946,-0.568575744,-0.713360998,-0.68031622,-0.761858244,-1.72991955856655
"174","HBS008","Germany","Halberstadt","North Central",6975,51.9,11.05,"M","-0.036655656",1.168548756,0.0944,1e-05,1.168548756,0.772462691,0.836749758,0.875089753,0.133771509,-0.325218248133483
"175","HBS009","Germany","Halberstadt","North Central",6975,51.9,11.05,"M","0.279133853",-1.056912261,0.2129,1e-05,-1.056912261,-1.136026888,-0.835362198,-0.802734179,0.112844251,0.0590852938673153
"176","I0046_published","Germany","Halberstadt-Sonntagsfeld","North Central",7051,51.9,11.05,"F","3.184282539",1.864679909,0.8039,0.011731,1.864679909,1.006761359,0.570005293,0.946896714,1.823571489,1.45342615039648
"177","I0048_published","Germany","Halberstadt-Sonntagsfeld","North Central",7056,51.9,11.05,"M","0.237347354",0.323987757,0.3978,1e-05,0.323987757,0.773197388,-0.273659879,-0.239113071,0.60330982,0.949776339230253
"178","I0054","Germany","Unterwiederstedt","North Central",7072,51.66,11.53,"F","0.495826459",0.186827544,0.8265,0.018102,0.186827544,1.098216774,-1.037820664,1.03516579,0.570488597,1.18200963503639
"179","I0056","Germany","Halberstadt-Sonntagsfeld","North Central",7059,51.89,11.04,"M","0.871939718",1.210109698,0.2984,0.028855,1.210109698,0.727237419,1.309031224,1.348984545,0.597224674,2.21544395149405
"180","I0057_published","Germany","Halberstadt-Sonntagsfeld","North Central",7070,51.9,11.05,"F","0.18565926",-0.190143596,0.332,0.024485,-0.190143596,0.337637892,0.479791188,0.30108574,0.231984695,0.0771283964959816
"181","I0100","Germany","Halberstadt-Sonntagsfeld","North Central",6977,51.9,11.05,"F","-0.252774257",1.398362821,0.8294,0.01078,1.398362821,0.965124163,0.961208085,0.906710172,1.799795484,-1.13895447692703
"182","I0659_published","Germany","Halberstadt-Sonntagsfeld","North Central",7037,51.9,11.05,"M","0.009423005",0.664417518,0.5268,0.008672,0.664417518,-0.572427893,-0.055344515,-0.020051936,-0.637459646,1.07445255288959
"183","I0795","Germany","Karsdorf","North Central",7079,51.28,11.65,"M","-1.622921774",-1.202183749,0.0851,0.005588,-1.202183749,-0.728596792,-1.116266295,-1.084597852,-2.912544933,-0.217815161172708
"184","I0797","Germany","Karsdorf","North Central",7125,51.28,11.65,"M","0.551918942",0.598730813,0.0763,0.000108,0.598730813,0.39984748,0.061941151,0.097634381,0.362689103,-0.651234612225746
"185","I0821_published","Germany","Halberstadt-Sonntagsfeld","North Central",6976,51.9,11.05,"M","-0.538816666",-0.869507653,0.5114,0.026615,-0.869507653,-0.732849844,0.181433915,0.217535335,-2.977571112,-0.850093729106124
"186","I1550_published","Germany","Halberstadt-Sonntagsfeld","North Central",7125,51.9,11.05,"F","-0.854269499",0.144336813,0.5211,0.028298,0.144336813,0.031897552,0.525529421,0.005997499,-1.139872856,0.476720238353312
"187","I2005_published","Germany","Halberstadt-Sonntagsfeld","North Central",7126,51.9,11.05,"F","0.293791231",-0.128293085,0.0196,0.018694,-0.128293085,-0.184058091,-0.939226103,-0.202434173,-0.693655305,-0.465704634224203
"188","I2008_published","Germany","Halberstadt-Sonntagsfeld","North Central",7052,51.9,11.05,"F","0.416387406",-1.389815929,0.1029,1e-05,-1.389815929,-1.770969071,-0.92745763,-1.734056625,0.811137145,-1.69507387008548
"189","I2014","Germany","Halberstadt-Sonntagsfeld","North Central",6978,51.9,11.05,"M","1.458544116",-0.652112455,0.0157,0.042254,-0.652112455,-0.295874988,-1.166345426,-1.134848054,0.277966215,-0.629504180420714
"190","I2016_published","Germany","Halberstadt-Sonntagsfeld","North Central",7125,51.9,11.05,"F","0.304349622",-0.098660108,0.0551,0.025905,-0.098660108,0.189861796,0.17153048,0.158458215,0.726165762,-1.32806912064759
"191","I2017_published","Germany","Halberstadt-Sonntagsfeld","North Central",7125,51.9,11.05,"F","0.510660455",-1.21153041,0.047,1e-05,-1.21153041,-0.547720107,-0.67584848,-0.553426079,-0.677272525,0.0500594649089262
"192","I2020","Germany","Halberstadt-Sonntagsfeld","North Central",7125,51.9,11.05,"M","-0.001194257",-1.030156429,0.052,0.0162,-1.030156429,-0.320486907,-1.657852262,-1.62803389,-0.609842902,-1.18187635738602
"193","I2021_published","Germany","Halberstadt-Sonntagsfeld","North Central",7125,51.9,11.05,"M","0.075098805",-0.029218483,0.029,0.020063,-0.029218483,0.073722126,0.038583378,0.074196817,-0.088043701,-1.48805300834605
"194","I2022","Germany","Halberstadt-Sonntagsfeld","North Central",7125,51.9,11.05,"F","0.486250502",0.43790323,0.0174,0.00746,0.43790323,0.849921384,-0.696705961,0.795521098,0.733077899,-0.164584158538492
"195","I2026_published","Germany","Halberstadt-Sonntagsfeld","North Central",7125,51.9,11.05,"M","0.887038456",-0.324524193,0.1151,0.013673,-0.324524193,0.390896899,-0.380121807,-0.345938676,-0.54819228,-1.29328331918331
"196","I2029_published","Germany","Halberstadt-Sonntagsfeld","North Central",7126,51.9,11.05,"F","0.212319242",-0.177399627,0.2077,0.014059,-0.177399627,-0.310298757,0.039096467,-0.324276572,-0.522917354,-0.442083483746371
"197","I2030_published","Germany","Halberstadt-Sonntagsfeld","North Central",7125,51.9,11.05,"F","0.034655332",-1.708480162,0.4502,0.000276,-1.708480162,-1.447022535,-2.05201061,-1.421396498,-0.014665505,-0.217079406395057
"198","I2032_published","Germany","Halberstadt-Sonntagsfeld","North Central",7125,51.9,11.05,"F","0.365321151",-0.605444172,0.2412,0.008799,-0.605444172,-1.190697768,-1.168935305,-1.174002175,0.618837777,-0.509131276681817
"199","I2036_published","Germany","Halberstadt-Sonntagsfeld","North Central",7125,51.9,11.05,"F","0.748804678",1.919337555,0.3958,1e-05,1.919337555,0.658921914,0.283514225,0.611176115,-0.057866465,0.567046970242102
"200","I2037_published","Germany","Halberstadt-Sonntagsfeld","North Central",7056,51.9,11.05,"M","-0.114792159",-0.305684576,0.1677,0.006546,-0.305684576,0.503567892,-0.11404843,-0.078956385,0.164113745,-0.957471150202562
"201","I2038_published","Germany","Halberstadt-Sonntagsfeld","North Central",7125,51.9,11.05,"F","1.404041188",0.47447712,0.2529,1e-05,0.47447712,0.187831139,-0.004467245,0.156498306,0.455974137,-0.886060160329885
"202","I0018","Germany","Stuttgart-M√ºhlhausen ""Viesenh√§user Hof""","South Central",7143,48.78,9.18,"F","-1.489520682",-1.597425579,0.7681,0.014405,-1.597425579,-1.501301228,-1.987703436,-1.473784103,-0.827278039,-0.154249370498934
"203","I0022","Germany","Stuttgart-M√ºhlhausen ""Viesenh√§user Hof""","South Central",7125,48.78,9.18,"F","-0.543973517",1.541200927,0.3106,0.014147,1.541200927,1.137623733,0.4287266,1.073199797,0.786575897,0.703717697834773
"204","I0025","Germany","Stuttgart-M√ºhlhausen ""Viesenh√§user Hof""","South Central",7125,48.78,9.18,"F","1.235903562",1.823452196,0.7066,0.046856,1.823452196,0.349708539,1.931843277,0.312735842,1.429909642,0.16671937360712
"205","I0026","Germany","Stuttgart-M√ºhlhausen ""Viesenh√§user Hof""","South Central",7125,48.78,9.18,"F","1.068432481",1.501419914,0.7547,0.024495,1.501419914,1.272173537,2.449027374,1.203061839,2.111964877,-0.436667986371337
"206","I0174","Hungary","Alsónyék-Bátaszék, Mérnöki telep","South Central",7569,46.21,18.7,"M","1.032801456",0.061370977,0.1847,1e-05,0.061370977,0.660847988,0.693749367,0.731600869,0.506995136,0.515432917061096
"207","I0176","Hungary","Szemely-Hegyes","South Central",7026,46.4,18.74,"F","0.217562561",0.573763038,0.0585,0.0176,0.573763038,0.253892875,0.61002136,0.220258429,1.077887611,-0.25374737124402
"208","I1496","Hungary","Apc-Berekalya","South Central",7052,47.17,19.83,"M","0.942768321",-1.038787867,0.6629,1e-05,-1.038787867,-0.392875928,-0.330172985,-0.295819227,-0.669068213,-1.38285718571823
"209","I1508","Hungary","Beretty√≥√∫jfalu-Morotva-Liget","South Central",7590,47.32,21.53,"F","-0.156492189",-0.987746973,0.4774,1e-05,-0.987746973,-0.968841889,-0.924761876,-0.959875832,-1.636779416,-0.452495269378939
"210","I1876","Hungary","Alsónyék-Bátaszék, Mérnöki telep","South Central",7544,46.21,18.71,"M","-1.230298313",-0.597381662,0.1729,1e-05,-0.597381662,-1.473002751,-0.925861352,-0.893542481,0.915848974,-0.210774159056353
"211","I1878_published","Hungary","Alsónyék-Bátaszék, Mérnöki telep","South Central",7649,46.21,18.71,"M","1.237932819",-0.367518831,0.5781,0.039913,-0.367518831,-0.480586392,-0.199661021,-0.164861431,1.826613068,1.6727050289431
"212","I1880","Hungary","Lánycsók, Gata-Csatola","South Central",7050,45.99,18.58,"M","0.688971961",2.579180258,0.6614,1e-05,2.579180258,2.248824846,1.270301137,1.310122155,1.441308606,0.0493579312837242
"213","I1882","Hungary","Budakeszi, Sz_l_skert-Tangazdaság","South Central",7050,47.5,18.91,"M","-0.377005979",-0.651185916,0.1434,0.036427,-0.651185916,-0.333777691,-0.452353358,-0.418416972,-0.253578564,0.427775435063318
"214","I1883","Hungary","Tolna-M√∂zs TO26","South Central",7138,46.41,18.74,"M","-0.539673995",0.632134965,0.053,0.065524,0.632134965,0.70362427,0.166220414,0.202269865,-1.456238833,-1.99128361039478
"215","I1904","Hungary","B√°tasz√©k-Lajv√©r","South Central",7028,46.2,18.7,"M","0.200942158",2.251244787,0.6566,1e-05,2.251244787,1.618337036,1.062790779,1.101902936,0.250488629,-0.335843915968857
"216","I2355","Hungary","Pusztataskony-Ledence I","South Central",7050,47.46,20.51,NA,"-0.786682188",0.056559478,0.2284,0.060748,0.056559478,-0.588638293,0.192648578,NA,0.248862477,0.316770571807299
"217","I2357","Hungary","Pusztataskony Ledence I","South Central",7050,47.46,20.51,NA,"0.125138472",-0.498529294,0.313352,0.031905,-0.219386452,0.1265628,-0.402950202,NA,-0.649848614,2.46113368886613
"218","I2373","Hungary","T√∂r√∂kszentmiklos Tiszap√ºsp√∂ki Karanycs haromag 3. lh.","South Central",7700,47.18,20.35,"F","-0.302628109",-0.180049203,0.1427,0.048479,-0.180049203,-0.341115947,0.216112227,-0.35402008,-0.237113283,-1.27112512297267
"219","I2374","Hungary","T√∂r√∂kszentmiklos Tiszap√ºsp√∂ki Karanycs haromag 3. lh.","South Central",7700,47.18,20.35,"M","0.565788902",-0.409570676,0.0202,0.004782,-0.409570676,-0.239661505,-1.22125411,-1.189944308,0.974632957,-1.50925301228813
"220","I2739_published","Hungary","Alsónyék-Bátaszék, site 11","South Central",7158,46.21,18.7,"M","0.436529113",0.585564213,0.6111,1e-05,0.585564213,0.52311624,0.620682213,0.658284116,0.530701561,-0.318074582559782
"221","I2794","Hungary","Törökszentmiklós, road 4, site 3","South Central",7573,47.19,20.4,"F","0.601605376",0.164769425,0.8344,1e-05,0.164769425,0.393485333,0.914964092,0.354987437,-1.1552378,0.144090636550306
"222","I3536","Hungary","Enese elkerül_, Kóny, Proletár-dülö, M85, Site 2","South Central",7050,47.64,17.36,"F","-0.245165004",-0.759623434,0.0275,0.046108,-0.759623434,0.444983856,-1.022786337,0.404691734,-0.998596475,-1.30302779234313
"223","I4181","Hungary","B√∂lcske-Gy≈±r≈±sv√∂lgy","South Central",7050,46.74,18.96,"F","0.637822917",-0.502126999,0.0093,1e-05,-0.502126999,0.53722626,-0.522785026,0.49372038,0.363681096,-0.474816016063714
"224","I4196","Hungary","Budakeszi, Sz_l_skert-Tangazdaság","South Central",7050,47.5,18.91,"F","2.508803136",1.073838638,0.5397,1e-05,1.073838638,0.337550739,0.305145412,0.301001624,0.851693522,1.59604280322714
"225","I4972","Hungary","Tiszasz_l_s-Domaháza","South Central",7700,47.56,20.72,"F","-0.01812742",-1.740990286,0.0077,0.184837,-1.740990286,-1.317226038,-1.108626968,-1.296122157,0.004993434,-0.537492056773818
"226","I5068","Austria","Kleinhadersdorf Flur Marchleiten","South Central",7088,48.67,16.58,"M","-1.246009875",-0.767929771,0.2673,0.033086,-0.767929771,-1.488899401,-0.586937459,-0.553460815,-0.286922422,-0.473549833423106
"227","I5069","Austria","Kleinhadersdorf Flur Marchleiten","South Central",7088,48.67,16.58,"F","-0.68954831",-0.191850377,0.7134,0.012047,-0.191850377,-0.375070634,-0.018532404,-0.386791774,-1.130098055,0.613630514013125
"228","I5070","Austria","Schletz","South Central",7088,48.58,16.47,"M","-0.488201153",-0.019546721,0.7087,0.017822,-0.019546721,-0.385520241,-0.442914147,-0.408945516,-0.533049987,0.837308521707045
"229","I5204","Austria","Schletz","South Central",6950,48.58,16.47,"M","-1.245623525",-0.470332098,0.6944,0.025144,-0.470332098,-0.456854715,-0.229045555,-0.194346343,0.138313998,1.4798363247989
"230","I5205","Austria","Schletz","South Central",6950,48.58,16.47,"F","-1.695316382",1.482157665,0.7032,0.011508,1.482157665,1.74330353,1.056617421,1.6577775,-1.138992189,-1.71653053267092
"231","I5206","Austria","Schletz","South Central",6950,48.58,16.47,"F","-0.38987511",-1.835838572,0.6859,0.022737,-1.835838572,-1.663849704,-1.321176187,-1.630669334,-1.960663858,0.171604443119197
"232","I5207","Austria","Schletz","South Central",6950,48.58,16.47,"M","-0.58943034",0.204431776,0.7551,0.001248,0.204431776,0.463190052,0.570235776,0.607665352,1.243641746,-0.109778982891629
"233","I5208","Austria","Schletz","South Central",6950,48.58,16.47,"F","1.540547797",0.498550866,0.7601,0.003965,0.498550866,0.038983065,1.005005538,0.012836151,-0.20511862,0.419622245492374
"234","I6912_all_published","Austria","Brunn Wolfholz","South Central",7088,48.12,16.29,"M","0.091080811",-0.310528584,0.0327,0.198068,-0.310528584,-0.076729557,0.092026093,NA,0.221603567,-0.5259253072461
"235","I6913_published","Austria","Brunn Wolfholz","South Central",7366,48.12,16.29,"M","0.029090054",0.069124641,0.0059,NA,0.069124641,0.441759207,0.243403683,NA,-0.150298266,-1.66028806862121
"236","NE1.SG","Hungary","Polgár-Ferenci-hát, M3-31","South Central",7146,47.98,21.16,"F","-0.831268803",0.998592331,0.97424,0.071748,0.998592331,2.337765906,1.645646217,NA,0.035914167,0.30824950484753
"237","NE6.SG","Hungary","Apc-Berekalya I","South Central",7040,47.17,19.83,"M","1.016466363",-0.803577122,0.6239,1e-05,-0.803577122,-0.517242812,-0.244682558,NA,-0.67184937,-1.37778389986768
"238","SCH001","Germany","Schwetzingen","South Central",7050,49.38,8.58,"F","0.807415794",0.838931862,0.052,0.012567,0.838931862,-0.078681777,0.828491466,-0.100729207,0.558787463,0.128152134797245
"239","SCH004","Germany","Schwetzingen","South Central",7050,49.38,8.58,"M","0.283376343",-0.557377954,0.0143,1e-05,-0.557377954,-0.483985347,0.39056254,0.427378349,-0.977532048,-1.42119343174907
"240","SCH007","Germany","Schwetzingen","South Central",7050,49.38,8.58,"F","0.40741673",0.184356775,0.0994,0.037227,0.184356775,-0.278610041,-0.764979396,-0.293691901,-0.267483352,-0.112807554883353
"241","SCH009","Germany","Schwetzingen","South Central",7050,49.38,8.58,"F","-0.86698225",0.177155783,0.1963,0.017432,0.177155783,-0.027897907,-0.024135663,-0.051714664,0.748331518,-0.890996561570634
"242","SCH010","Germany","Schwetzingen","South Central",7050,49.38,8.58,"F","-0.044837075",-0.107584137,0.2394,1e-05,-0.107584137,0.55977266,-0.360453389,0.515481256,-0.200603022,-0.550179549044236
"243","SCH011","Germany","Schwetzingen","South Central",7050,49.38,8.58,"M","1.414741239",0.037476036,0.024,0.057208,0.037476036,0.690829384,0.029225609,0.064807082,0.894703041,0.554470696717143
"244","SCH014","Germany","Schwetzingen","South Central",7050,49.38,8.58,"F","0.416061768",-1.409484554,0.2762,1e-05,-1.409484554,-1.383453365,-2.411718686,-1.3600421,-0.054534842,0.881103041553485
"245","SCH015","Germany","Schwetzingen","South Central",7050,49.38,8.58,"F","0.94288165",0.604875226,0.0251,0.016293,0.604875226,1.818150258,0.152603191,1.730016542,0.162048255,-1.46784541782499
"246","SCH016","Germany","Schwetzingen","South Central",7050,49.38,8.58,"M","0.711873309",0.686719463,0.2281,1e-05,0.686719463,-0.191692666,-0.065427124,-0.030168987,-1.566320142,-0.780941335295071
"247","SCH018","Germany","Schwetzingen","South Central",7050,49.38,8.58,"M","0.113073318",0.160786935,0.0284,0.023145,0.160786935,-0.325201867,0.61459274,0.652173842,-0.263105466,-1.87916655968417
"248","SMH004","Germany","Stuttgart-M√ºhlhausen","South Central",7050,48.78,9.18,"F","0.959754101",1.040917261,0.2421,0.026855,1.040917261,-0.275402822,0.214467084,-0.290596422,-0.520438368,0.8757217653309
"249","XN164","Germany","Stuttgart-M√ºhlhausen","South Central",7110,48.78,9.18,"M","0.589961526",-1.066957889,0.2965,0.012801,-1.066957889,-0.751622532,-1.048790999,-1.016892058,0.591167359,0.0652023248675506
"250","XN165","Germany","Stuttgart-M√ºhlhausen","South Central",7099,48.78,9.18,"M","0.260662649",-1.466734882,0.3622,1e-05,-1.466734882,-0.372429908,-1.806574819,-1.777264487,-1.167903095,0.0427446935729804
"251","XN166","Germany","Stuttgart-M√ºhlhausen","South Central",7100,48.78,9.18,"F","0.59363553",0.349833305,0.2733,0.007183,0.349833305,-0.655911452,-0.084460288,-0.657848,-0.047816531,0.412675351545254
"252","XN167","Germany","Stuttgart-M√ºhlhausen","South Central",7176,48.78,9.18,"M","0.44356068",0.349443184,0.3338,0.014671,0.349443184,0.765108747,0.62220112,0.659808211,1.174750973,-0.237979975253204
"253","XN168","Germany","Stuttgart-M√ºhlhausen","South Central",7093,48.78,9.18,"M","0.447760855",0.537302934,0.2177,0.015986,0.537302934,0.18156486,1.033648944,1.072661552,0.464647607,0.0742709302665008
"254","XN169","Germany","Stuttgart-M√ºhlhausen","South Central",7081,48.78,9.18,"F","-1.24150246",0.143995456,0.3112,0.003936,0.143995456,0.002561957,0.392566031,-0.022316033,0.023221041,-0.471770333495765
"255","XN170","Germany","Stuttgart-M√ºhlhausen","South Central",7024,48.78,9.18,"M","1.561649859",-0.444454039,0.2651,0.039461,-0.444454039,-1.130239949,-0.455830963,-0.421906456,-0.026505001,1.14345095151463
"256","XN171","Germany","Stuttgart-M√ºhlhausen","South Central",7106,48.78,9.18,"M","-0.001260489",1.722661059,0.371,0.01763,1.722661059,1.080981459,2.182440908,2.225377818,-0.190580622,0.523380779717345
"257","XN172","Germany","Stuttgart-M√ºhlhausen","South Central",7101,48.78,9.18,"F","-0.909333555",0.535531132,0.3294,0.041562,0.535531132,0.268046471,0.726147282,0.233918909,0.306189286,-1.31917162101088
"258","XN173","Germany","Stuttgart-M√ºhlhausen","South Central",7060,48.78,9.18,"M","1.138915209",-0.691921101,0.1199,0.004034,-0.691921101,-1.011302678,-1.387307679,-1.35656512,0.419683923,1.20352618463862
"259","XN174","Germany","Stuttgart-M√ºhlhausen","South Central",6898,48.78,9.18,"M","0.595057665",0.944448345,0.1925,0.039146,0.944448345,1.634066353,0.906757923,0.945337068,-0.272329203,-1.00570586457924
"260","XN175","Germany","Stuttgart-M√ºhlhausen","South Central",7092,48.78,9.18,"F","0.301669089",-0.506824712,0.2715,0.009774,-0.506824712,0.008096153,0.277430453,-0.01697465,1.128825116,-0.110771396312646
"261","XN178","Germany","Stuttgart-M√ºhlhausen","South Central",7100,48.78,9.18,"F","-1.601304579",-0.243980361,0.035,0.009966,-0.243980361,-0.3290453,-0.877622827,-0.342369978,-0.947575476,-2.1870884894191
"262","XN180","Germany","Stuttgart-M√ºhlhausen","South Central",7068,48.78,9.18,"M","1.791193199",0.607394761,0.1486,0.041962,0.607394761,0.152255412,0.062584549,0.098279976,0.672089268,0.812583739062737
"263","XN182","Germany","Stuttgart-M√ºhlhausen","South Central",7076,48.78,9.18,"F","-0.656118007",-0.416056446,0.097,0.049256,-0.416056446,0.169049735,-1.425773077,0.138371253,-1.154190145,-1.72670277023635
"264","XN183","Germany","Stuttgart-M√ºhlhausen","South Central",7152,48.78,9.18,"F","-0.999334679",-0.187347725,0.0923,0.032665,-0.187347725,1.078406968,0.093459485,1.016046165,-0.148921603,-0.0791424961617787
"265","XN188","Germany","Stuttgart-M√ºhlhausen","South Central",7130,48.78,9.18,"F","-0.020800593",0.872726136,0.1865,1e-05,0.872726136,1.159872942,0.433100075,1.094673836,1.336733947,-0.723817676569797
"266","XN191","Germany","Stuttgart-M√ºhlhausen","South Central",7199,48.78,9.18,"M","0.865372506",0.6086464,0.0165,0.109948,0.6086464,0.416964267,0.537639954,0.574958183,-0.005027874,0.421290526674257
"267","XN205","Germany","Stuttgart-M√ºhlhausen","South Central",7100,48.78,9.18,"M","1.304375798",0.075837982,0.0554,0.0369,0.075837982,-0.278766915,0.657601014,0.695329033,1.819595568,-0.0675329701934997
"268","XN206","Germany","Stuttgart-M√ºhlhausen","South Central",7086,48.78,9.18,"M","0.602707393",1.084219121,0.0228,0.124852,1.084219121,0.875121583,0.697857338,0.735722873,0.365112427,-0.333619541059681
"269","XN207","Germany","Stuttgart-M√ºhlhausen","South Central",7100,48.78,9.18,"F","0.420810192",-0.144255556,0.1321,0.021999,-0.144255556,0.234117931,1.100857108,0.20117245,1.052582865,-1.0248611546625
"270","XN211","Germany","Stuttgart-M√ºhlhausen","South Central",7068,48.78,9.18,"F","1.23098588",0.453036693,0.0541,0.055168,0.453036693,0.328661165,-0.144703471,0.292421766,0.021348382,0.818418445555269
"271","XN215","Germany","Stuttgart-M√ºhlhausen","South Central",7010,48.78,9.18,"M","-0.365895661",0.304530448,0.0257,1e-05,0.304530448,-0.319380067,0.686114926,0.723940349,0.506444471,-0.567033466625304
"272","XN224","Germany","Stuttgart-M√ºhlhausen","South Central",7091,48.78,9.18,"F","1.155486491",0.556971559,0.0253,0.030891,0.556971559,0.688045727,0.512083228,0.639285245,0.190573496,0.101793292123504
"273","XN225","Germany","Stuttgart-M√ºhlhausen","South Central",7100,48.78,9.18,"M","-0.28974794",0.465227989,0.0981,0.024638,0.465227989,0.702232441,1.031710607,1.070716594,-0.821276387,-0.489984541886675
